1:5,gmm_5,mean_ozone_time,mean_max_xG,mean_cmltv_xG,mean_goals,mean_shots,mean_passes,mean_slotpasses,mean_fwdtime,mean_dmentime,mean_penalties,mean_puckretrievals,mean_icings
1,1,6.99147117525,0.04527938525,0.046697112,0.040645735,1.12277199325,1.775929257,0.2811788045,0.59953318275,0.3248218135,0.0076009185,0.92458416875,0.009545429250000001
2,2,6.90963243525,0.05114025925,0.05261659975,0.056145328,1.1186232375,1.768678276,0.308091295,0.59822308775,0.3362222385,0.00934547,0.943724158,0.00581955975
3,3,6.726561614,0.05097762,0.052191131,0.04743083,1.085638999,1.528326746,0.279314888,0.54533004,0.365078393,0.014492754,0.881422925,0.015810277
4,4,7.177245962500001,0.0436727305,0.044576083,0.0572014025,1.0948049385,1.9279626109999999,0.258275962,0.577323994,0.36603879500000003,0.0050102285,0.8800764255,0.005742293000000001
5,5,7.894105863,0.051357008,0.05290677,0.05154772133333334,1.1240347776666666,2.0492729186666665,0.29760658900000003,0.587455679,0.345862841,0.007549957666666667,0.9897459446666667,0.013565329333333334
